[{"collection":{"reference":{"id":"00000000-0000-0000-0000-000000000000"}},"elements":[],"id":"4bdc7bcc-5252-4be1-81a4-bf4c67d6cf68","codename":"pexels_tranmautritam_326502_resized_jpg","file_name":"pexels-tranmautritam-326502-resized.jpg","title":null,"size":66417,"type":"image/jpeg","url":"https://assets-us-01.kc-usercontent.com/8794be19-7e5e-009b-0bb0-1c99f144913f/22fbf667-9fdb-4d7b-a6f7-76d77ef3c86d/pexels-tranmautritam-326502-resized.jpg","image_width":1024,"image_height":683,"file_reference":{"id":"22fbf667-9fdb-4d7b-a6f7-76d77ef3c86d","type":"internal"},"descriptions":[{"language":{"id":"00000000-0000-0000-0000-000000000000"},"description":null}],"last_modified":"2025-02-06T01:38:08.5514915Z"},{"collection":{"reference":{"id":"00000000-0000-0000-0000-000000000000"}},"elements":[],"id":"90a46bbc-08da-4391-92c9-65472eb8c80a","codename":"pexels_tranmautritam_380810_resized_jpg","file_name":"pexels-tranmautritam-380810-resized.jpg","title":null,"size":51226,"type":"image/jpeg","url":"https://assets-us-01.kc-usercontent.com/8794be19-7e5e-009b-0bb0-1c99f144913f/1f437b02-1e74-43c3-8218-cb2a68e6db31/pexels-tranmautritam-380810-resized.jpg","image_width":1024,"image_height":683,"file_reference":{"id":"1f437b02-1e74-43c3-8218-cb2a68e6db31","type":"internal"},"descriptions":[{"language":{"id":"00000000-0000-0000-0000-000000000000"},"description":null}],"last_modified":"2025-02-06T01:38:08.5636782Z"},{"collection":{"reference":{"id":"00000000-0000-0000-0000-000000000000"}},"elements":[],"id":"46804eb6-124d-444d-b825-e794f3f420a7","codename":"pexels_tranmautritam_374155_resized_jpg","file_name":"pexels-tranmautritam-374155-resized.jpg","title":null,"size":39202,"type":"image/jpeg","url":"https://assets-us-01.kc-usercontent.com/8794be19-7e5e-009b-0bb0-1c99f144913f/7edc3ea5-e5d3-4b20-a102-bf886578f97b/pexels-tranmautritam-374155-resized.jpg","image_width":1024,"image_height":627,"file_reference":{"id":"7edc3ea5-e5d3-4b20-a102-bf886578f97b","type":"internal"},"descriptions":[{"language":{"id":"00000000-0000-0000-0000-000000000000"},"description":null}],"last_modified":"2025-02-06T01:38:08.5969261Z"},{"collection":{"reference":{"id":"00000000-0000-0000-0000-000000000000"}},"elements":[],"id":"b778ff3c-75da-4ba1-ab3e-5ac27edf15d5","codename":"pexels_tranmautritam_427660_resized_jpg","file_name":"pexels-tranmautritam-427660-resized.jpg","title":null,"size":101071,"type":"image/jpeg","url":"https://assets-us-01.kc-usercontent.com/8794be19-7e5e-009b-0bb0-1c99f144913f/fda90f83-e73e-4f07-aa89-b76f2c7cd45c/pexels-tranmautritam-427660-resized.jpg","image_width":1024,"image_height":768,"file_reference":{"id":"fda90f83-e73e-4f07-aa89-b76f2c7cd45c","type":"internal"},"descriptions":[{"language":{"id":"00000000-0000-0000-0000-000000000000"},"description":null}],"last_modified":"2025-02-06T01:38:08.6031743Z"},{"collection":{"reference":{"id":"00000000-0000-0000-0000-000000000000"}},"elements":[],"id":"4761faad-3915-47ca-980c-4fd32f18fa82","codename":"pexels_tranmautritam_368888_resized_jpg","file_name":"pexels-tranmautritam-368888-resized.jpg","title":null,"size":59991,"type":"image/jpeg","url":"https://assets-us-01.kc-usercontent.com/8794be19-7e5e-009b-0bb0-1c99f144913f/6306d10d-8638-4c7d-bb24-121a0d8fb0aa/pexels-tranmautritam-368888-resized.jpg","image_width":1024,"image_height":683,"file_reference":{"id":"6306d10d-8638-4c7d-bb24-121a0d8fb0aa","type":"internal"},"descriptions":[{"language":{"id":"00000000-0000-0000-0000-000000000000"},"description":null}],"last_modified":"2025-02-06T01:38:08.6359636Z"},{"collection":{"reference":{"id":"00000000-0000-0000-0000-000000000000"}},"elements":[],"id":"d6e658f2-a1a0-4cea-863f-11e49506dc97","codename":"pexels_tranmautritam_696891_resized_jpg","file_name":"pexels-tranmautritam-696891-resized.jpg","title":null,"size":50245,"type":"image/jpeg","url":"https://assets-us-01.kc-usercontent.com/8794be19-7e5e-009b-0bb0-1c99f144913f/6d098a30-c75f-4d9a-993f-04a6c1e1ba47/pexels-tranmautritam-696891-resized.jpg","image_width":1024,"image_height":683,"file_reference":{"id":"6d098a30-c75f-4d9a-993f-04a6c1e1ba47","type":"internal"},"descriptions":[{"language":{"id":"00000000-0000-0000-0000-000000000000"},"description":null}],"last_modified":"2025-02-06T01:38:09.2404032Z"},{"collection":{"reference":{"id":"00000000-0000-0000-0000-000000000000"}},"elements":[],"id":"ea3bf304-9d93-401b-9d82-9a8a508102db","codename":"pexels_tranmautritam_696894_resized_jpg","file_name":"pexels-tranmautritam-696894-resized.jpg","title":null,"size":54801,"type":"image/jpeg","url":"https://assets-us-01.kc-usercontent.com/8794be19-7e5e-009b-0bb0-1c99f144913f/d02d43f3-d32b-44b0-a009-2f4971a3b19c/pexels-tranmautritam-696894-resized.jpg","image_width":1024,"image_height":611,"file_reference":{"id":"d02d43f3-d32b-44b0-a009-2f4971a3b19c","type":"internal"},"descriptions":[{"language":{"id":"00000000-0000-0000-0000-000000000000"},"description":null}],"last_modified":"2025-02-06T01:38:09.2570688Z"},{"collection":{"reference":{"id":"00000000-0000-0000-0000-000000000000"}},"elements":[],"id":"0c522eee-981e-4fd0-b921-651c134d20d1","codename":"pexels_tranmautritam_902213_resized_jpg","file_name":"pexels-tranmautritam-902213-resized.jpg","title":null,"size":41890,"type":"image/jpeg","url":"https://assets-us-01.kc-usercontent.com/8794be19-7e5e-009b-0bb0-1c99f144913f/2363489d-ebce-4406-9274-882a9fcc078e/pexels-tranmautritam-902213-resized.jpg","image_width":1024,"image_height":683,"file_reference":{"id":"2363489d-ebce-4406-9274-882a9fcc078e","type":"internal"},"descriptions":[{"language":{"id":"00000000-0000-0000-0000-000000000000"},"description":null}],"last_modified":"2025-02-06T01:38:09.2922987Z"},{"collection":{"reference":{"id":"00000000-0000-0000-0000-000000000000"}},"elements":[],"id":"f493c80c-711f-4957-9f52-2622cb992d31","codename":"pexels_tranmautritam_717204_resized_jpg","file_name":"pexels-tranmautritam-717204-resized.jpg","title":null,"size":113120,"type":"image/jpeg","url":"https://assets-us-01.kc-usercontent.com/8794be19-7e5e-009b-0bb0-1c99f144913f/ad0c9925-97ef-4e52-8915-06868bbbe887/pexels-tranmautritam-717204-resized.jpg","image_width":1024,"image_height":683,"file_reference":{"id":"ad0c9925-97ef-4e52-8915-06868bbbe887","type":"internal"},"descriptions":[{"language":{"id":"00000000-0000-0000-0000-000000000000"},"description":null}],"last_modified":"2025-02-06T01:38:09.4470256Z"},{"collection":{"reference":{"id":"00000000-0000-0000-0000-000000000000"}},"elements":[],"id":"1984a237-5847-481c-89ab-0e46d4b1579e","codename":"pexels_tranmautritam_615948_resized_jpg","file_name":"pexels-tranmautritam-615948-resized.jpg","title":null,"size":233551,"type":"image/jpeg","url":"https://assets-us-01.kc-usercontent.com/8794be19-7e5e-009b-0bb0-1c99f144913f/492b8f34-1889-4b06-a2ee-1cf168991c7f/pexels-tranmautritam-615948-resized.jpg","image_width":1024,"image_height":1536,"file_reference":{"id":"492b8f34-1889-4b06-a2ee-1cf168991c7f","type":"internal"},"descriptions":[{"language":{"id":"00000000-0000-0000-0000-000000000000"},"description":null}],"last_modified":"2025-02-06T01:38:09.5164758Z"},{"collection":{"reference":{"id":"00000000-0000-0000-0000-000000000000"}},"elements":[],"id":"7170a6b9-0e13-49b1-b873-46d653d1d6ce","codename":"pexels_tranmautritam_923036_resized_jpg","file_name":"pexels-tranmautritam-923036-resized.jpg","title":null,"size":121808,"type":"image/jpeg","url":"https://assets-us-01.kc-usercontent.com/8794be19-7e5e-009b-0bb0-1c99f144913f/3f826824-8cfe-4a9c-b8f5-e4473c1d63f6/pexels-tranmautritam-923036-resized.jpg","image_width":1024,"image_height":683,"file_reference":{"id":"3f826824-8cfe-4a9c-b8f5-e4473c1d63f6","type":"internal"},"descriptions":[{"language":{"id":"00000000-0000-0000-0000-000000000000"},"description":null}],"last_modified":"2025-02-06T01:38:09.910212Z"},{"collection":{"reference":{"id":"00000000-0000-0000-0000-000000000000"}},"elements":[],"id":"cef35b3a-f2fd-43a1-9fa1-dd4e0b8b2893","codename":"pexels_tranmautritam_18024488_resized_jpg","file_name":"pexels-tranmautritam-18024488-resized.jpg","title":null,"size":42706,"type":"image/jpeg","url":"https://assets-us-01.kc-usercontent.com/8794be19-7e5e-009b-0bb0-1c99f144913f/80ad1b86-8338-48a5-a8ca-5a1ac73e9bb7/pexels-tranmautritam-18024488-resized.jpg","image_width":1024,"image_height":683,"file_reference":{"id":"80ad1b86-8338-48a5-a8ca-5a1ac73e9bb7","type":"internal"},"descriptions":[{"language":{"id":"00000000-0000-0000-0000-000000000000"},"description":null}],"last_modified":"2025-02-06T01:38:09.9145352Z"},{"collection":{"reference":{"id":"00000000-0000-0000-0000-000000000000"}},"elements":[],"id":"c4c7b76f-d6d8-49c1-9876-26786b6c59a9","codename":"pexels_tranmautritam_922978_resized_jpg","file_name":"pexels-tranmautritam-922978-resized.jpg","title":null,"size":126006,"type":"image/jpeg","url":"https://assets-us-01.kc-usercontent.com/8794be19-7e5e-009b-0bb0-1c99f144913f/23ce7f3c-d65c-4276-8fe0-e164ad6c644a/pexels-tranmautritam-922978-resized.jpg","image_width":1024,"image_height":683,"file_reference":{"id":"23ce7f3c-d65c-4276-8fe0-e164ad6c644a","type":"internal"},"descriptions":[{"language":{"id":"00000000-0000-0000-0000-000000000000"},"description":null}],"last_modified":"2025-02-06T01:38:10.0858903Z"},{"collection":{"reference":{"id":"00000000-0000-0000-0000-000000000000"}},"elements":[],"id":"a2582f47-f59e-4aa2-849d-6306bc3c2108","codename":"pexels_tranmautritam_18177054_resized_jpg","file_name":"pexels-tranmautritam-18177054-resized.jpg","title":null,"size":119101,"type":"image/jpeg","url":"https://assets-us-01.kc-usercontent.com/8794be19-7e5e-009b-0bb0-1c99f144913f/16a69604-ab53-40e5-a7e4-4186c7edbaed/pexels-tranmautritam-18177054-resized.jpg","image_width":1024,"image_height":1537,"file_reference":{"id":"16a69604-ab53-40e5-a7e4-4186c7edbaed","type":"internal"},"descriptions":[{"language":{"id":"00000000-0000-0000-0000-000000000000"},"description":null}],"last_modified":"2025-02-06T01:38:10.1054199Z"}]