[{"id":"0092d118-0187-421c-9c5f-207afc2e573b","name":"Sectionem Tellus Auctor","codename":"indexpage","type":{"id":"0dfb7581-0628-461a-b3cb-9ee8a4018e19"},"collection":{"id":"00000000-0000-0000-0000-000000000000"},"spaces":[],"sitemap_locations":[],"last_modified":"2025-01-03T03:23:37.8160428Z"},{"id":"dd1d9c95-918b-4bd3-9b5e-37c7f4935ec6","name":"Terentii Quam Utramque","codename":"second_article","type":{"id":"c5837fd0-b1d8-4648-849c-ed87b77e5366"},"collection":{"id":"00000000-0000-0000-0000-000000000000"},"spaces":[],"sitemap_locations":[],"last_modified":"2025-01-03T03:48:41.3029239Z"},{"id":"366d1ce3-82c2-4d74-b41b-f9feaa023060","name":"Sectionem Pellentesque Aliquam","codename":"subindex","type":{"id":"0dfb7581-0628-461a-b3cb-9ee8a4018e19"},"collection":{"id":"00000000-0000-0000-0000-000000000000"},"spaces":[],"sitemap_locations":[],"last_modified":"2025-01-03T03:23:18.331618Z"},{"id":"04d12527-8889-48f5-89fe-cb5daeb8dcb9","name":"Quamquam si Plane","codename":"third","type":{"id":"c5837fd0-b1d8-4648-849c-ed87b77e5366"},"collection":{"id":"00000000-0000-0000-0000-000000000000"},"spaces":[],"sitemap_locations":[],"last_modified":"2025-01-03T03:47:26.552298Z"},{"id":"83d8180b-eb2f-4176-8cba-95dd403e6ff3","name":"Nam si Omnes","codename":"fourth","type":{"id":"c5837fd0-b1d8-4648-849c-ed87b77e5366"},"collection":{"id":"00000000-0000-0000-0000-000000000000"},"spaces":[],"sitemap_locations":[],"last_modified":"2025-01-03T03:47:12.5242815Z"},{"id":"6ebbd1a5-0bc0-49b4-a648-642fa8c71650","name":"Sectionem Fieri Inquam","codename":"section_b","type":{"id":"0dfb7581-0628-461a-b3cb-9ee8a4018e19"},"collection":{"id":"00000000-0000-0000-0000-000000000000"},"spaces":[],"sitemap_locations":[],"last_modified":"2025-01-03T03:23:05.0296063Z"},{"id":"bfb6bc9a-7f7c-4a8c-8226-b324f29923d9","name":"Facilisis Mus","codename":"fifth","type":{"id":"c5837fd0-b1d8-4648-849c-ed87b77e5366"},"collection":{"id":"00000000-0000-0000-0000-000000000000"},"spaces":[],"sitemap_locations":[],"last_modified":"2025-01-03T03:46:55.4164995Z"},{"id":"735cee38-e8c1-403b-bee7-b2197ef47a56","name":"Facilisi Consectetur","codename":"sixt","type":{"id":"c5837fd0-b1d8-4648-849c-ed87b77e5366"},"collection":{"id":"00000000-0000-0000-0000-000000000000"},"spaces":[],"sitemap_locations":[],"last_modified":"2025-01-03T03:46:38.2221126Z"},{"id":"b8429ccc-4b01-46ca-bc81-24dff1beedb9","name":"Elementum ligula tincidunt","codename":"seventh","type":{"id":"c5837fd0-b1d8-4648-849c-ed87b77e5366"},"collection":{"id":"00000000-0000-0000-0000-000000000000"},"spaces":[],"sitemap_locations":[],"last_modified":"2025-01-03T03:46:19.7227961Z"},{"id":"51c58d16-dd5d-49a1-b068-6471576b20f1","name":"Luctus Bibendum","codename":"eight","type":{"id":"c5837fd0-b1d8-4648-849c-ed87b77e5366"},"collection":{"id":"00000000-0000-0000-0000-000000000000"},"spaces":[],"sitemap_locations":[],"last_modified":"2025-01-03T03:48:23.5513288Z"},{"id":"c2b3bfc0-b636-4ae6-ae4c-228b4553acb7","name":"Urna Justo Tempor","codename":"ninth","type":{"id":"c5837fd0-b1d8-4648-849c-ed87b77e5366"},"collection":{"id":"00000000-0000-0000-0000-000000000000"},"spaces":[],"sitemap_locations":[],"last_modified":"2025-01-03T03:48:06.0407976Z"},{"id":"55f24de9-214e-4275-b578-684e6692832b","name":"Inceptos arcu elementum","codename":"tenth","type":{"id":"c5837fd0-b1d8-4648-849c-ed87b77e5366"},"collection":{"id":"00000000-0000-0000-0000-000000000000"},"spaces":[],"sitemap_locations":[],"last_modified":"2025-01-03T03:21:39.2422439Z"},{"id":"a1b2773b-f593-488b-a3f2-75603ec95e87","name":"Genimen Convallis Facilisi","codename":"tent","type":{"id":"2e1cd566-2883-4f45-b951-0d2f3c81eafc"},"collection":{"id":"00000000-0000-0000-0000-000000000000"},"spaces":[],"sitemap_locations":[],"last_modified":"2025-01-03T06:18:57.3982178Z"},{"id":"6c057f4b-6c16-4523-83fa-7b4e37c23329","name":"Genimen Nullam Iaculis","codename":"product2","type":{"id":"2e1cd566-2883-4f45-b951-0d2f3c81eafc"},"collection":{"id":"00000000-0000-0000-0000-000000000000"},"spaces":[],"sitemap_locations":[],"last_modified":"2025-01-03T06:18:32.2748773Z"},{"id":"23fded0b-b09c-4f26-a313-0ea52c9b4753","name":"Genimen Venenatis Commodo","codename":"product3","type":{"id":"2e1cd566-2883-4f45-b951-0d2f3c81eafc"},"collection":{"id":"00000000-0000-0000-0000-000000000000"},"spaces":[],"sitemap_locations":[],"last_modified":"2025-01-03T06:18:10.3690251Z"},{"id":"16f7af0f-2381-47a0-b77a-0069d3f0b5c0","name":"Homepage","codename":"landing_page_with_product_listing","type":{"id":"a79941be-a956-44cd-9575-e0e490f90b37"},"collection":{"id":"00000000-0000-0000-0000-000000000000"},"spaces":[],"sitemap_locations":[],"last_modified":"2025-02-05T23:54:32.5373765Z"},{"id":"e27603e9-49e7-4d73-ba9f-843017d460db","name":"Genimen Natoque Hendrerit Egestas","codename":"product","type":{"id":"2e1cd566-2883-4f45-b951-0d2f3c81eafc"},"collection":{"id":"00000000-0000-0000-0000-000000000000"},"spaces":[],"sitemap_locations":[],"last_modified":"2025-01-03T06:19:08.9482818Z"},{"id":"e7e4c86f-f5f5-42a5-b6c3-4547070f55dc","name":"Sunt in Culpa","codename":"__welcome_to_kentico_kontent___read_me_first__","type":{"id":"c5837fd0-b1d8-4648-849c-ed87b77e5366"},"collection":{"id":"00000000-0000-0000-0000-000000000000"},"spaces":[],"sitemap_locations":[],"last_modified":"2025-01-03T03:47:48.4934902Z"}]