[{"id":"0dfb7581-0628-461a-b3cb-9ee8a4018e19","codename":"section","last_modified":"2025-01-03T03:19:11.2713926Z","name":"Section","content_groups":[],"elements":[{"maximum_text_length":null,"validation_regex":null,"default":null,"name":"Title","guidelines":"This is a simple text field. It defines the title for your article (and can be different than the name in Kontent.ai). Text fields don't store any formatting.","is_required":false,"is_non_localizable":false,"type":"text","id":"77ac1e76-36ac-4531-92d5-f68df89ec651","codename":"title"},{"asset_count_limit":null,"maximum_file_size":null,"allowed_file_types":"adjustable","image_width_limit":null,"image_height_limit":null,"default":null,"name":"Images","guidelines":null,"is_required":false,"is_non_localizable":false,"type":"asset","id":"c6faeedb-3a52-4dca-bc59-47b930fe4339","codename":"images"},{"maximum_text_length":null,"validation_regex":null,"default":null,"name":"Description","guidelines":null,"is_required":false,"is_non_localizable":false,"type":"text","id":"904d8135-1357-406e-9e9a-b2340a5bbcbe","codename":"description"},{"depends_on":{"element":{"id":"77ac1e76-36ac-4531-92d5-f68df89ec651"}},"validation_regex":null,"name":"Slug","guidelines":"This URL slug is automatically generated from the title. But you can also change it to be more SEO-friendly.","is_required":true,"is_non_localizable":false,"type":"url_slug","id":"6a76da9b-44fc-4339-9eb3-47f8fee4379f","codename":"slug"},{"item_count_limit":null,"allowed_content_types":[{"id":"c5837fd0-b1d8-4648-849c-ed87b77e5366"},{"id":"0dfb7581-0628-461a-b3cb-9ee8a4018e19"},{"id":"2e1cd566-2883-4f45-b951-0d2f3c81eafc"}],"default":null,"name":"Subpages","guidelines":null,"is_required":false,"is_non_localizable":false,"type":"modular_content","id":"a578ff9d-b547-4db0-a357-469ebaa10f87","codename":"subpages"}]},{"id":"c5837fd0-b1d8-4648-849c-ed87b77e5366","codename":"article","last_modified":"2025-02-06T01:52:23.9861788Z","name":"Article","content_groups":[],"elements":[{"maximum_text_length":null,"validation_regex":null,"default":null,"name":"Title","guidelines":"This is a simple text field. It defines the title for your article (and can be different than the name in Kontent.ai). Text fields don't store any formatting.","is_required":false,"is_non_localizable":false,"type":"text","id":"2fc470e5-0a22-464c-945f-e41ec54ccad6","codename":"title"},{"maximum_text_length":null,"validation_regex":null,"default":null,"name":"Description","guidelines":null,"is_required":false,"is_non_localizable":false,"type":"text","id":"d515403f-7ac0-4b6e-b865-fd8cb29add89","codename":"description"},{"asset_count_limit":null,"maximum_file_size":null,"allowed_file_types":"adjustable","image_width_limit":null,"image_height_limit":null,"default":null,"name":"images","guidelines":null,"is_required":false,"is_non_localizable":false,"type":"asset","id":"a08aab48-9164-4d9a-ab2f-97468e8c36fd","codename":"images"},{"maximum_text_length":null,"maximum_image_size":null,"allowed_content_types":[],"allowed_item_link_types":[],"image_width_limit":null,"image_height_limit":null,"allowed_image_types":"any","allowed_blocks":[],"allowed_formatting":[],"allowed_text_blocks":[],"allowed_table_blocks":["text"],"allowed_table_formatting":[],"allowed_table_text_blocks":["paragraph"],"name":"Body","guidelines":"This is rich text field that you can use to add formatted text and compose larger content out of smaller pieces. You can also add images, links, and other content.","is_required":false,"is_non_localizable":false,"type":"rich_text","id":"0ae0b43c-ff05-4742-9aab-a8300b5ad458","codename":"body"},{"depends_on":{"element":{"id":"2fc470e5-0a22-464c-945f-e41ec54ccad6"}},"validation_regex":null,"name":"Slug","guidelines":"This URL slug is automatically generated from the title. But you can also change it to be more SEO-friendly.","is_required":true,"is_non_localizable":false,"type":"url_slug","id":"cd6e653f-11f8-4b70-8847-fac41736b67c","codename":"slug"}]},{"id":"2e1cd566-2883-4f45-b951-0d2f3c81eafc","codename":"product","last_modified":"2025-01-03T07:29:12.1252627Z","name":"Product","content_groups":[],"elements":[{"maximum_text_length":null,"validation_regex":null,"default":null,"name":"Title","guidelines":"This is a simple text field. It defines the name of your product (and can be different than the name of the content item in Kontent.ai). Text fields don't store any formatting.","is_required":false,"is_non_localizable":false,"type":"text","id":"9bc8b648-1bd9-4fa4-8c12-822cba3fd4a4","codename":"title"},{"asset_count_limit":{"value":1,"condition":"exactly"},"maximum_file_size":null,"allowed_file_types":"any","image_width_limit":null,"image_height_limit":null,"default":null,"name":"Images","guidelines":"You can include assets in your content as separate pieces that you can display as you wish. You can also specify the size and kind of asset you want to help make your content responsive.","is_required":true,"is_non_localizable":false,"type":"asset","id":"caef6e8f-0bd1-4535-ac99-36cf5db2dc24","codename":"images"},{"maximum_text_length":null,"validation_regex":null,"default":null,"name":"Description","guidelines":null,"is_required":false,"is_non_localizable":false,"type":"text","id":"fb774dba-a0ee-4032-95b4-d0115219397f","codename":"description"},{"maximum_text_length":null,"maximum_image_size":null,"allowed_content_types":[],"allowed_item_link_types":[],"image_width_limit":null,"image_height_limit":null,"allowed_image_types":"any","allowed_blocks":[],"allowed_formatting":[],"allowed_text_blocks":[],"allowed_table_blocks":["text"],"allowed_table_formatting":[],"allowed_table_text_blocks":["paragraph"],"name":"Body","guidelines":"This is rich text field that you can use to add formatted text and compose larger content out of smaller pieces. You can also add images, links, and other content. Here, you will add descriptions of your products.","is_required":false,"is_non_localizable":false,"type":"rich_text","id":"7aea9732-1502-4f5e-bc0f-258ffb10f78f","codename":"body"},{"taxonomy_group":{"id":"340ea7fb-9fcc-4cce-9840-f4ca149907a4"},"term_count_limit":null,"default":null,"name":"Taxonomy","guidelines":null,"is_required":true,"is_non_localizable":false,"type":"taxonomy","id":"fc57df55-d573-4e1a-b33d-b5311d9677be","codename":"taxonomy___categorizing_target_audience"},{"depends_on":{"element":{"id":"9bc8b648-1bd9-4fa4-8c12-822cba3fd4a4"}},"validation_regex":null,"name":"Slug","guidelines":"This URL slug is automatically generated from the name. But you can also change it to be more SEO-friendly.","is_required":true,"is_non_localizable":false,"type":"url_slug","id":"6a29a2bf-5a85-423d-a137-39bbe7efc315","codename":"slug"}]},{"id":"a79941be-a956-44cd-9575-e0e490f90b37","codename":"homepage","last_modified":"2025-01-03T03:19:40.4961649Z","name":"Homepage","content_groups":[],"elements":[{"maximum_text_length":null,"validation_regex":null,"default":null,"name":"Title","guidelines":"This is a simple text field. It defines the title for your landing page (and can be different than the name in Kontent.ai). Text fields don't store any formatting.","is_required":false,"is_non_localizable":false,"type":"text","id":"c4f0a7c8-aa32-4bd3-aaf1-5ae8b8c501c8","codename":"title"},{"asset_count_limit":null,"maximum_file_size":null,"allowed_file_types":"adjustable","image_width_limit":null,"image_height_limit":null,"default":null,"name":"Images","guidelines":null,"is_required":false,"is_non_localizable":false,"type":"asset","id":"aeba8ca0-dcf3-42f9-9652-694c1a4b763b","codename":"images"},{"item_count_limit":{"value":1,"condition":"at_least"},"allowed_content_types":[{"id":"0dfb7581-0628-461a-b3cb-9ee8a4018e19"},{"id":"c5837fd0-b1d8-4648-849c-ed87b77e5366"},{"id":"2e1cd566-2883-4f45-b951-0d2f3c81eafc"}],"default":null,"name":"Subpages","guidelines":"In this element, you can choose which products will be featured on this landing page. ","is_required":false,"is_non_localizable":false,"type":"modular_content","id":"b70c44a8-f595-437a-89da-bab97abb0352","codename":"subpages"},{"maximum_text_length":null,"maximum_image_size":null,"allowed_content_types":[],"allowed_item_link_types":[],"image_width_limit":null,"image_height_limit":null,"allowed_image_types":"any","allowed_blocks":[],"allowed_formatting":[],"allowed_text_blocks":[],"allowed_table_blocks":["text"],"allowed_table_formatting":[],"allowed_table_text_blocks":["paragraph"],"name":"Body","guidelines":"This is rich text field that you can use to add formatted text and compose larger content out of smaller pieces. You can also add images, links, and other content.","is_required":false,"is_non_localizable":false,"type":"rich_text","id":"15683698-1689-4f43-a964-de0fbe4da7ae","codename":"body"},{"depends_on":{"element":{"id":"c4f0a7c8-aa32-4bd3-aaf1-5ae8b8c501c8"}},"validation_regex":null,"name":"Slug","guidelines":"This URL slug is automatically generated from the title. But you can also change it to be more SEO-friendly.","is_required":true,"is_non_localizable":false,"type":"url_slug","id":"c5d9800e-e419-4268-9e16-ae4753692496","codename":"slug"}]}]