[{"elements":[{"element":{"id":"77ac1e76-36ac-4531-92d5-f68df89ec651"},"value":"Sectionem Tellus Auctor"},{"element":{"id":"c6faeedb-3a52-4dca-bc59-47b930fe4339"},"value":[{"renditions":[],"id":"cef35b3a-f2fd-43a1-9fa1-dd4e0b8b2893"}]},{"element":{"id":"904d8135-1357-406e-9e9a-b2340a5bbcbe"},"value":"Lorem ipsum odor amet, consectetuer adipiscing elit. Morbi nascetur senectus lacinia, sapien at platea sed dapibus velit. Netus est finibus erat libero condimentum nostra sagittis donec. Sapien justo metus pharetra sed tempor pharetra. Tempor suscipit eleifend consequat at pharetra inceptos? Pretium habitant montes ornare pretium sagittis nisi ullamcorper. Ac senectus potenti habitant quis purus fusce pretium.\n\n"},{"mode":"autogenerated","element":{"id":"6a76da9b-44fc-4339-9eb3-47f8fee4379f"},"value":"sectionem-tellus-auctor"},{"element":{"id":"a578ff9d-b547-4db0-a357-469ebaa10f87"},"value":[{"id":"e7e4c86f-f5f5-42a5-b6c3-4547070f55dc"},{"id":"366d1ce3-82c2-4d74-b41b-f9feaa023060"},{"id":"e27603e9-49e7-4d73-ba9f-843017d460db"},{"id":"83d8180b-eb2f-4176-8cba-95dd403e6ff3"},{"id":"bfb6bc9a-7f7c-4a8c-8226-b324f29923d9"},{"id":"735cee38-e8c1-403b-bee7-b2197ef47a56"},{"id":"b8429ccc-4b01-46ca-bc81-24dff1beedb9"}]}],"workflow_step":{"id":"c199950d-99f0-4983-b711-6c4c91624b22"},"workflow":{"workflow_identifier":{"id":"00000000-0000-0000-0000-000000000000"},"step_identifier":{"id":"c199950d-99f0-4983-b711-6c4c91624b22"}},"contributors":[{"id":"634e201dbe914caee95f7992"}],"due_date":{"value":null},"note":null,"schedule":{"publish_time":null,"publish_display_timezone":null,"unpublish_time":null,"unpublish_display_timezone":null},"item":{"id":"0092d118-0187-421c-9c5f-207afc2e573b"},"language":{"id":"00000000-0000-0000-0000-000000000000"},"last_modified":"2025-02-06T01:43:33.2009507Z"},{"elements":[{"element":{"id":"2fc470e5-0a22-464c-945f-e41ec54ccad6"},"value":"Terentii Quam Utramque"},{"element":{"id":"d515403f-7ac0-4b6e-b865-fd8cb29add89"},"value":"Mauris a sem elementum, pretium diam nec, luctus neque. Praesent lacinia imperdiet erat, eget feugiat mi feugiat ut. Proin iaculis, massa eu lacinia tempor, dui lacus pellentesque dui, ut dapibus tellus purus at augue. Nam sagittis lobortis justo vel porta. Proin vel vulputate quam. Vivamus at vestibulum est. Phasellus a arcu lacus."},{"element":{"id":"a08aab48-9164-4d9a-ab2f-97468e8c36fd"},"value":[{"renditions":[],"id":"d6e658f2-a1a0-4cea-863f-11e49506dc97"}]},{"components":[],"element":{"id":"0ae0b43c-ff05-4742-9aab-a8300b5ad458"},"value":"<p>Non eram nescius, Brute, cum, quae summis ingeniis exquisitaque doctrina philosophi Graeco sermone tractavissent, ea Latinis litteris mandaremus, fore ut hic noster labor in varias reprehensiones incurreret. nam quibusdam, et iis quidem non admodum indoctis, totum hoc displicet philosophari. quidam autem non tam id reprehendunt, si remissius agatur, sed tantum studium tamque multam operam ponendam in eo non arbitrantur. erunt etiam, et ii quidem eruditi Graecis litteris, contemnentes Latinas, qui se dicant in Graecis legendis operam malle consumere. postremo aliquos futuros suspicor, qui me ad alias litteras vocent, genus hoc scribendi, etsi sit elegans, personae tamen et dignitatis esse negent.</p>\n<p>Contra quos omnis dicendum breviter existimo. Quamquam philosophiae quidem vituperatoribus satis responsum est eo libro, quo a nobis philosophia defensa et collaudata est, cum esset accusata et vituperata ab Hortensio. qui liber cum et tibi probatus videretur et iis, quos ego posse iudicare arbitrarer, plura suscepi veritus ne movere hominum studia viderer, retinere non posse. Qui autem, si maxime hoc placeat, moderatius tamen id volunt fieri, difficilem quandam temperantiam postulant in eo, quod semel admissum coerceri reprimique non potest, ut propemodum iustioribus utamur illis, qui omnino avocent a philosophia, quam his, qui rebus infinitis modum constituant in reque eo meliore, quo maior sit, mediocritatem desiderent.</p>\n<p>Sive enim ad sapientiam perveniri potest, non paranda nobis solum ea, sed fruenda etiam [sapientia] est; sive hoc difficile est, tamen nec modus est ullus investigandi veri, nisi inveneris, et quaerendi defatigatio turpis est, cum id, quod quaeritur, sit pulcherrimum. etenim si delectamur, cum scribimus, quis est tam invidus, qui ab eo nos abducat? sin laboramus, quis est, qui alienae modum statuat industriae? nam ut Terentianus Chremes non inhumanus, qui novum vicinum non vult 'fodere aut arare aut aliquid ferre denique' -- non enim illum ab industria, sed ab inliberali labore deterret --, sic isti curiosi, quos offendit noster minime nobis iniucundus labor.</p>"},{"mode":"autogenerated","element":{"id":"cd6e653f-11f8-4b70-8847-fac41736b67c"},"value":"terentii-quam-utramque"}],"workflow_step":{"id":"c199950d-99f0-4983-b711-6c4c91624b22"},"workflow":{"workflow_identifier":{"id":"00000000-0000-0000-0000-000000000000"},"step_identifier":{"id":"c199950d-99f0-4983-b711-6c4c91624b22"}},"contributors":[{"id":"634e201dbe914caee95f7992"}],"due_date":{"value":null},"note":null,"schedule":{"publish_time":null,"publish_display_timezone":null,"unpublish_time":null,"unpublish_display_timezone":null},"item":{"id":"dd1d9c95-918b-4bd3-9b5e-37c7f4935ec6"},"language":{"id":"00000000-0000-0000-0000-000000000000"},"last_modified":"2025-02-06T01:39:25.0797621Z"},{"elements":[{"element":{"id":"77ac1e76-36ac-4531-92d5-f68df89ec651"},"value":"Sectionem Pellentesque Aliquam"},{"element":{"id":"c6faeedb-3a52-4dca-bc59-47b930fe4339"},"value":[{"renditions":[],"id":"0c522eee-981e-4fd0-b921-651c134d20d1"}]},{"element":{"id":"904d8135-1357-406e-9e9a-b2340a5bbcbe"},"value":"Massa odio elit elementum tempor bibendum ultricies. Gravida mollis at vitae primis maximus. Iaculis maecenas leo iaculis viverra purus magna odio. Penatibus pulvinar inceptos placerat augue faucibus fringilla fermentum penatibus. Pulvinar aenean aenean feugiat lectus tellus; in tempor. Pellentesque aliquam bibendum volutpat donec egestas. Arcu dictum inceptos accumsan cursus justo nec. Praesent ante consequat suspendisse ante eget lacinia commodo."},{"mode":"autogenerated","element":{"id":"6a76da9b-44fc-4339-9eb3-47f8fee4379f"},"value":"sectionem-pellentesque-aliquam"},{"element":{"id":"a578ff9d-b547-4db0-a357-469ebaa10f87"},"value":[{"id":"dd1d9c95-918b-4bd3-9b5e-37c7f4935ec6"},{"id":"55f24de9-214e-4275-b578-684e6692832b"},{"id":"c2b3bfc0-b636-4ae6-ae4c-228b4553acb7"},{"id":"51c58d16-dd5d-49a1-b068-6471576b20f1"}]}],"workflow_step":{"id":"c199950d-99f0-4983-b711-6c4c91624b22"},"workflow":{"workflow_identifier":{"id":"00000000-0000-0000-0000-000000000000"},"step_identifier":{"id":"c199950d-99f0-4983-b711-6c4c91624b22"}},"contributors":[{"id":"634e201dbe914caee95f7992"}],"due_date":{"value":null},"note":null,"schedule":{"publish_time":null,"publish_display_timezone":null,"unpublish_time":null,"unpublish_display_timezone":null},"item":{"id":"366d1ce3-82c2-4d74-b41b-f9feaa023060"},"language":{"id":"00000000-0000-0000-0000-000000000000"},"last_modified":"2025-02-06T01:43:17.8519858Z"},{"elements":[{"element":{"id":"2fc470e5-0a22-464c-945f-e41ec54ccad6"},"value":"Quamquam si Plane"},{"element":{"id":"d515403f-7ac0-4b6e-b865-fd8cb29add89"},"value":"Sed id neque feci adhuc nec mihi tamen, ne faciam, interdictum puto. locos quidem quosdam, si videbitur, transferam, et maxime ab iis, quos modo nominavi, cum inciderit, ut id apte fieri possit, ut ab Homero Ennius, Afranius a Menandro solet. Nec vero, ut noster Lucilius, recusabo, quo minus omnes mea legant. utinam esset ille Persius, Scipio vero et Rutilius multo etiam magis, quorum ille iudicium reformidans Tarentinis ait se et Consentinis et Siculis scribere. facete is quidem, sicut alia; sed neque tam docti tum erant, ad quorum iudicium elaboraret, et sunt illius scripta leviora, ut urbanitas summa appareat, doctrina mediocris."},{"element":{"id":"a08aab48-9164-4d9a-ab2f-97468e8c36fd"},"value":[{"renditions":[],"id":"f493c80c-711f-4957-9f52-2622cb992d31"}]},{"components":[],"element":{"id":"0ae0b43c-ff05-4742-9aab-a8300b5ad458"},"value":"<p>Sed iure Mucius. ego autem mirari [satis] non queo unde hoc sit tam insolens domesticarum rerum fastidium. non est omnino hic docendi locus; sed ita sentio et saepe disserui, Latinam linguam non modo non inopem, ut vulgo putarent, sed locupletiorem etiam esse quam Graecam. quando enim nobis, vel dicam aut oratoribus bonis aut poetis, postea quidem quam fuit quem imitarentur, ullus orationis vel copiosae vel elegantis ornatus defuit? Ego vero, quoniam forensibus operis, laboribus, periculis non deseruisse mihi videor praesidium, in quo a populo Romano locatus sum, debeo profecto, quantumcumque possum, in eo quoque elaborare, ut sint opera, studio, labore meo doctiores cives mei, nec cum istis tantopere pugnare, qui Graeca legere malint, modo legant illa ipsa, ne simulent, et iis servire, qui vel utrisque litteris uti velint vel, si suas habent, illas non magnopere desiderent.</p>\n<p>Qui autem alia malunt scribi a nobis, aequi esse debent, quod et scripta multa sunt, sic ut plura nemini e nostris, et scribentur fortasse plura, si vita suppetet; et tamen, qui diligenter haec, quae de philosophia litteris mandamus, legere assueverit, iudicabit nulla ad legendum his esse potiora. quid est enim in vita tantopere quaerendum quam cum omnia in philosophia, tum id, quod his libris quaeritur, qui sit finis, quid extremum, quid ultimum, quo sint omnia bene vivendi recteque faciendi consilia referenda, quid sequatur natura ut summum ex rebus expetendis, quid fugiat ut extremum malorum? qua de re cum sit inter doctissimos summa dissensio, quis alienum putet eius esse dignitatis, quam mihi quisque tribuat, quid in omni munere vitae optimum et verissimum sit, exquirere?&nbsp;</p>\n<p>An, partus ancillae sitne in fructu habendus, disseretur inter principes civitatis, P. Scaevolam M'.que Manilium, ab iisque M. Brutus dissentiet -- quod et acutum genus est et ad usus civium non inutile, nosque ea scripta reliquaque eiusdem generis et legimus libenter et legemus --, haec, quae vitam omnem continent, neglegentur? nam, ut sint illa vendibiliora, haec uberiora certe sunt. quamquam id quidem licebit iis existimare, qui legerint. nos autem hanc omnem quaestionem de finibus bonorum et malorum fere a nobis explicatam esse his litteris arbitramur, in quibus, quantum potuimus, non modo quid nobis probaretur, sed etiam quid a singulis philosophiae disciplinis diceretur, persecuti sumus.</p>\n<p>Ut autem a facillimis ordiamur, prima veniat in medium Epicuri ratio, quae plerisque notissima est. quam a nobis sic intelleges eitam, ut ab ipsis, qui eam disciplinam probant, non soleat accuratius explicari; verum enim invenire volumus, non tamquam adversarium aliquem convincere. accurate autem quondam a L. Torquato, homine omni doctrina erudito, defensa est Epicuri sententia de voluptate, a meque ei responsum, cum C. Triarius, in primis gravis et doctus adolescens, ei disputationi interesset.&nbsp;</p>\n<p>Nam cum ad me in Cumanum salutandi causa uterque venisset, pauca primo inter nos de litteris, quarum summum erat in utroque studium, deinde Torquatus: Quoniam nacti te, inquit, sumus aliquando otiosum, certe audiam, quid sit, quod Epicurum nostrum non tu quidem oderis, ut fere faciunt, qui ab eo dissentiunt, sed certe non probes, eum quem ego arbitror unum vidisse verum maximisque erroribus animos hominum liberavisse et omnia tradidisse, quae pertinerent ad bene beateque vivendum. sed existimo te, sicut nostrum Triarium, minus ab eo delectari, quod ista Platonis, Aristoteli, Theophrasti orationis ornamenta neglexerit. nam illud quidem adduci vix possum, ut ea, quae senserit ille, tibi non vera videantur.</p>"},{"mode":"autogenerated","element":{"id":"cd6e653f-11f8-4b70-8847-fac41736b67c"},"value":"quamquam-si-plane"}],"workflow_step":{"id":"c199950d-99f0-4983-b711-6c4c91624b22"},"workflow":{"workflow_identifier":{"id":"00000000-0000-0000-0000-000000000000"},"step_identifier":{"id":"c199950d-99f0-4983-b711-6c4c91624b22"}},"contributors":[{"id":"634e201dbe914caee95f7992"}],"due_date":{"value":null},"note":null,"schedule":{"publish_time":null,"publish_display_timezone":null,"unpublish_time":null,"unpublish_display_timezone":null},"item":{"id":"04d12527-8889-48f5-89fe-cb5daeb8dcb9"},"language":{"id":"00000000-0000-0000-0000-000000000000"},"last_modified":"2025-02-06T01:42:43.4441728Z"},{"elements":[{"element":{"id":"2fc470e5-0a22-464c-945f-e41ec54ccad6"},"value":"Nam si Omnes"},{"element":{"id":"d515403f-7ac0-4b6e-b865-fd8cb29add89"},"value":"Iam in altera philosophiae parte. quae est quaerendi ac disserendi, quae logikh dicitur, iste vester plane, ut mihi quidem videtur, inermis ac nudus est. tollit definitiones, nihil de dividendo ac partiendo docet, non quo modo efficiatur concludaturque ratio tradit, non qua via captiosa solvantur ambigua distinguantur ostendit; iudicia rerum in sensibus ponit, quibus si semel aliquid falsi pro vero probatum sit, sublatum esse omne iudicium veri et falsi putat."},{"element":{"id":"a08aab48-9164-4d9a-ab2f-97468e8c36fd"},"value":[{"renditions":[],"id":"b778ff3c-75da-4ba1-ab3e-5ac27edf15d5"}]},{"components":[],"element":{"id":"0ae0b43c-ff05-4742-9aab-a8300b5ad458"},"value":"<p>Quid igitur est? inquit; audire enim cupio, quid non probes. Principio, inquam, in physicis, quibus maxime gloriatur, primum totus est alienus. Democritea dicit perpauca mutans, sed ita, ut ea, quae corrigere vult, mihi quidem depravare videatur. ille atomos quas appellat, id est corpora individua propter soliditatem, censet in infinito inani, in quo nihil nec summum nec infimum nec medium nec ultimum nec extremum sit, ita ferri, ut concursionibus inter se cohaerescant, ex quo efficiantur ea, quae sint quaeque cernantur, omnia, eumque motum atomorum nullo a principio, sed ex aeterno tempore intellegi convenire.&nbsp;</p>\n<p>Epicurus autem, in quibus sequitur Democritum, non fere labitur. quamquam utriusque cum multa non probo, tum illud in primis, quod, cum in rerum natura duo quaerenda sint, unum, quae materia sit, ex qua quaeque res efficiatur, alterum, quae vis sit, quae quidque efficiat, de materia disseruerunt, vim et causam efficiendi reliquerunt. sed hoc commune vitium, illae Epicuri propriae ruinae: censet enim eadem illa individua et solida corpora ferri deorsum suo pondere ad lineam, hunc naturalem esse omnium corporum motum.&nbsp;</p>\n<p>Deinde ibidem homo acutus, cum illud ocurreret, si omnia deorsus e regione ferrentur et, ut dixi, ad lineam, numquam fore ut atomus altera alteram posset attingere itaque ** attulit rem commenticiam: declinare dixit atomum perpaulum, quo nihil posset fieri minus; ita effici complexiones et copulationes et adhaesiones atomorum inter se, ex quo efficeretur mundus omnesque partes mundi, quaeque in eo essent. Quae cum tota res (est) ficta pueriliter, tum ne efficit [quidem], quod vult. nam et ipsa declinatio ad libidinem fingitur -- ait enim declinare atomum sine causa; quo nihil turpius physico, quam fieri quicquam sine causa dicere, -- et illum motum naturalem omnium ponderum, ut ipse constituit, e regione inferiorem locum petentium sine causa eripuit atomis nec tamen id, cuius causa haec finxerat, assecutus est.&nbsp;</p>\n<p>Sive aliae declinabunt, aliae suo nutu recte ferentur, primum erit hoc quasi, provincias atomis dare, quae recte, quae oblique ferantur, deinde eadem illa atomorum, in quo etiam Democritus haeret, turbulenta concursio hunc mundi ornatum efficere non poterit. ne illud quidem physici, credere aliquid esse minimum, quod profecto numquam putavisset, si a Polyaeno, familiari suo, geometrica discere maluisset quam illum etiam ipsum dedocere. Sol Democrito magnus videtur, quippe homini erudito in geometriaque perfecto, huic pedalis fortasse; tantum enim esse censet, quantus videtur, vel paulo aut maiorem aut minorem.&nbsp;</p>\n<p>Ita, quae mutat, ea corrumpit, quae sequitur sunt tota Democriti, atomi, inane, imagines, quae eidola nominant, quorum incursione non solum videamus, sed etiam cogitemus; infinitio ipsa, quam apeirian vocant, tota ab illo est, tum innumerabiles mundi, qui et oriantur et intereant cotidie. Quae etsi mihi nullo modo probantur, tamen Democritum laudatum a ceteris ab hoc, qui eum unum secutus esset, nollem vituperatum.</p>\n<p>Confirmat autem illud vel maxime, quod ipsa natura, ut ait ille, sciscat et probet, id est voluptatem et dolorem. ad haec et quae sequamur et quae fugiamus refert omnia. quod quamquam Aristippi est a Cyrenaicisque melius liberiusque defenditur, tamen eius modi esse iudico, ut nihil homine videatur indignius. ad maiora enim quaedam nos natura genuit et conformavit, ut mihi quidem videtur. ac fieri potest, ut errem, sed ita prorsus existimo, neque eum Torquatum, qui hoc primus cognomen invenerit, aut torquem illum hosti detraxisse, ut aliquam ex eo perciperet corpore voluptatem, aut cum Latinis tertio consulatu conflixisse apud Veserim propter voluptatem; quod vero securi percussit filium, privavisse se etiam videtur multis voluptatibus, cum ipsi naturae patrioque amori praetulerit ius maiestatis atque imperii.&nbsp;</p>\n<p>quid? T. Torquatus, is qui consul cum Cn. Octavio fuit, cum illam severitatem in eo filio adhibuit, quem in adoptionem D. Silano emancipaverat, ut eum Macedonum legatis accusantibus, quod pecunias praetorem in provincia cepisse arguerent, causam apud se dicere iuberet reque ex utraque parte audita pronuntiaret eum non talem videri fuisse in imperio, quales eius maiores fuissent, et in conspectum suum venire vetuit, numquid tibi videtur de voluptatibus suis cogitavisse?</p>\n<p>Sed ut omittam pericula, labores, dolorem etiam, quem optimus quisque pro patria et pro suis suscipit, ut non modo nullam captet, sed etiam praetereat omnes voluptates, dolores denique quosvis suscipere malit quam deserere ullam officii partem, ad ea, quae hoc non minus declarant, sed videntur leviora, veniamus.&nbsp;</p>\n<p>Quid tibi, Torquate, quid huic Triario litterae, quid historiae cognitioque rerum, quid poetarum evolutio, quid tanta tot versuum memoria voluptatis affert? nec mihi illud dixeris: 'Haec enim ipsa mihi sunt voluptati, et erant illa Torquatis.' Numquam hoc ita defendit Epicurus neque Metrodorus aut quisquam eorum, qui aut saperet aliquid aut ista didicisset. et quod quaeritur saepe, cur tam multi sint Epicurei, sunt aliae quoque causae, sed multitudinem haec maxime allicit, quod ita putant dici ab illo, recta et honesta quae sint, ea facere ipsa per se laetitiam, id est voluptatem. homines optimi non intellegunt totam rationem everti, si ita res se habeat. nam si concederetur, etiamsi ad corpus nihil referatur, ista sua sponte et per se esse iucunda, per se esset et virtus et cognitio rerum, quod minime ille vult expetenda.</p>"},{"mode":"autogenerated","element":{"id":"cd6e653f-11f8-4b70-8847-fac41736b67c"},"value":"nam-si-omnes"}],"workflow_step":{"id":"c199950d-99f0-4983-b711-6c4c91624b22"},"workflow":{"workflow_identifier":{"id":"00000000-0000-0000-0000-000000000000"},"step_identifier":{"id":"c199950d-99f0-4983-b711-6c4c91624b22"}},"contributors":[{"id":"634e201dbe914caee95f7992"}],"due_date":{"value":null},"note":null,"schedule":{"publish_time":null,"publish_display_timezone":null,"unpublish_time":null,"unpublish_display_timezone":null},"item":{"id":"83d8180b-eb2f-4176-8cba-95dd403e6ff3"},"language":{"id":"00000000-0000-0000-0000-000000000000"},"last_modified":"2025-02-06T01:42:12.130292Z"},{"elements":[{"element":{"id":"77ac1e76-36ac-4531-92d5-f68df89ec651"},"value":"Sectionem Fieri Inquam"},{"element":{"id":"c6faeedb-3a52-4dca-bc59-47b930fe4339"},"value":[{"renditions":[],"id":"7170a6b9-0e13-49b1-b873-46d653d1d6ce"}]},{"element":{"id":"904d8135-1357-406e-9e9a-b2340a5bbcbe"},"value":"Certe, inquam, pertinax non ero tibique, si mihi probabis ea, quae dices, libenter assentiar. Probabo, inquit, modo ista sis aequitate, quam ostendis. sed uti oratione perpetua malo quam interrogare aut interrogari. Ut placet, inquam. Tum dicere exorsus est. Primum igitur, inquit, sic agam, ut ipsi auctori huius disciplinae placet: constituam, quid et quale sit id, de quo quaerimus, non quo ignorare vos arbitrer, sed ut ratione et via procedat oratio. quaerimus igitur, quid sit extremum et ultimum bonorum, quod omnium philosophorum sententia tale debet esse, ut ad id omnia referri oporteat, ipsum autem nusquam. hoc Epicurus in voluptate ponit, quod summum bonum esse vult, summumque malum dolorem, idque instituit docere sic: [30] Omne animal, simul atque natum sit, voluptatem appetere eaque gaudere ut summo bono, dolorem aspernari ut summum malum et, quantum possit, a se repellere, idque facere nondum depravatum ipsa natura incorrupte atque integre iudicante. itaque negat opus esse ratione neque disputatione, quam ob rem voluptas expetenda, fugiendus dolor sit. sentiri haec putat, ut calere ignem, nivem esse albam, dulce mel. quorum nihil oportere exquisitis rationibus confirmare, tantum satis esse admonere. interesse enim inter argumentum conclusionemque rationis et inter mediocrem animadversionem atque admonitionem. altera occulta quaedam et quasi involuta aperiri, altera prompta et aperta iudicari. etenim quoniam detractis de homine sensibus reliqui nihil est, necesse est, quid aut ad naturam aut contra sit, a natura ipsa iudicari. ea quid percipit aut quid iudicat, quo aut petat aut fugiat aliquid, praeter voluptatem et dolorem?"},{"mode":"autogenerated","element":{"id":"6a76da9b-44fc-4339-9eb3-47f8fee4379f"},"value":"sectionem-fieri-inquam"},{"element":{"id":"a578ff9d-b547-4db0-a357-469ebaa10f87"},"value":[{"id":"a1b2773b-f593-488b-a3f2-75603ec95e87"},{"id":"55f24de9-214e-4275-b578-684e6692832b"},{"id":"23fded0b-b09c-4f26-a313-0ea52c9b4753"}]}],"workflow_step":{"id":"c199950d-99f0-4983-b711-6c4c91624b22"},"workflow":{"workflow_identifier":{"id":"00000000-0000-0000-0000-000000000000"},"step_identifier":{"id":"c199950d-99f0-4983-b711-6c4c91624b22"}},"contributors":[{"id":"634e201dbe914caee95f7992"}],"due_date":{"value":null},"note":null,"schedule":{"publish_time":null,"publish_display_timezone":null,"unpublish_time":null,"unpublish_display_timezone":null},"item":{"id":"6ebbd1a5-0bc0-49b4-a648-642fa8c71650"},"language":{"id":"00000000-0000-0000-0000-000000000000"},"last_modified":"2025-02-06T01:42:57.0982358Z"},{"elements":[{"element":{"id":"2fc470e5-0a22-464c-945f-e41ec54ccad6"},"value":"Facilisis Mus"},{"element":{"id":"d515403f-7ac0-4b6e-b865-fd8cb29add89"},"value":"Maecenas et ac congue fusce metus. Ridiculus commodo venenatis tincidunt donec scelerisque fames primis posuere auctor. Fames per efficitur; consequat himenaeos nam fermentum gravida himenaeos. Himenaeos feugiat potenti tristique sodales dictum risus. Dui facilisis dictumst lobortis mus nam integer pharetra posuere. Eros ante egestas habitasse sollicitudin suspendisse mattis molestie torquent. Posuere placerat consectetur porta suspendisse magna interdum. "},{"element":{"id":"a08aab48-9164-4d9a-ab2f-97468e8c36fd"},"value":[{"renditions":[],"id":"1984a237-5847-481c-89ab-0e46d4b1579e"}]},{"components":[],"element":{"id":"0ae0b43c-ff05-4742-9aab-a8300b5ad458"},"value":"<p>Lorem ipsum odor amet, consectetuer adipiscing elit. Facilisi pharetra etiam dignissim, et quis ut gravida. Convallis purus dictum lobortis sociosqu per urna. Elementum habitasse curabitur ante, faucibus semper ultricies. Vulputate sagittis eleifend tellus class turpis vel. Urna consectetur conubia, fermentum habitasse enim molestie. Habitant himenaeos netus class id eu lorem amet. Ut aliquam torquent ante sapien turpis.</p>\n<p>Aliquam viverra laoreet lobortis bibendum pretium primis. Velit leo natoque; magnis praesent ad praesent morbi eleifend. Suscipit orci orci hac lacus ridiculus tempor. Diam curae elit inceptos metus lacinia condimentum mattis fermentum. Iaculis quis rutrum inceptos aliquam dui erat. Justo euismod turpis fermentum inceptos ullamcorper parturient elit. Magna dapibus habitasse nibh arcu faucibus turpis dignissim.</p>\n<p>Sem nostra curae cursus; fusce consequat quis eleifend. Pretium auctor pulvinar himenaeos ornare aptent hendrerit. Metus morbi amet dui erat sodales nam venenatis ultricies. Nulla laoreet facilisis amet sollicitudin ridiculus aliquet massa. Urna sollicitudin fusce mattis ultricies sociosqu morbi dapibus facilisi. Cras suspendisse penatibus neque placerat, hendrerit cubilia parturient. Eu ultrices etiam curabitur nunc pellentesque quis taciti molestie. Ac nam platea nibh montes ad tempus mauris?</p>\n<p>Scelerisque imperdiet class ex ut ullamcorper hac accumsan congue. Leo taciti vulputate enim urna quam. Neque elementum dolor orci rhoncus convallis enim facilisis eros. Tellus mi per commodo dignissim euismod hac lobortis ultricies hac. Malesuada fames magna diam nisi habitant mi. Metus donec litora libero donec felis congue. Vulputate vestibulum integer duis sagittis feugiat metus parturient lobortis.</p>"},{"mode":"autogenerated","element":{"id":"cd6e653f-11f8-4b70-8847-fac41736b67c"},"value":"facilisis-mus"}],"workflow_step":{"id":"c199950d-99f0-4983-b711-6c4c91624b22"},"workflow":{"workflow_identifier":{"id":"00000000-0000-0000-0000-000000000000"},"step_identifier":{"id":"c199950d-99f0-4983-b711-6c4c91624b22"}},"contributors":[{"id":"634e201dbe914caee95f7992"}],"due_date":{"value":null},"note":null,"schedule":{"publish_time":null,"publish_display_timezone":null,"unpublish_time":null,"unpublish_display_timezone":null},"item":{"id":"bfb6bc9a-7f7c-4a8c-8226-b324f29923d9"},"language":{"id":"00000000-0000-0000-0000-000000000000"},"last_modified":"2025-02-06T01:41:53.6379093Z"},{"elements":[{"element":{"id":"2fc470e5-0a22-464c-945f-e41ec54ccad6"},"value":"Facilisi Consectetur"},{"element":{"id":"d515403f-7ac0-4b6e-b865-fd8cb29add89"},"value":"Lorem ipsum odor amet, consectetuer adipiscing elit. Tempus lorem habitasse dapibus commodo augue gravida. Vehicula senectus malesuada arcu mattis commodo morbi nostra sed hendrerit. Duis viverra proin ac; porta convallis neque nam. Nam posuere interdum mauris ornare cubilia vitae dis. Curae lectus blandit efficitur consectetur sed himenaeos vestibulum ac quisque. Adipiscing taciti mauris torquent; curabitur vulputate tristique? Sed torquent habitasse scelerisque cursus ridiculus est aptent. Risus urna natoque velit quam enim a, fames pretium class."},{"element":{"id":"a08aab48-9164-4d9a-ab2f-97468e8c36fd"},"value":[{"renditions":[],"id":"46804eb6-124d-444d-b825-e794f3f420a7"}]},{"components":[],"element":{"id":"0ae0b43c-ff05-4742-9aab-a8300b5ad458"},"value":"<p>Dolor metus diam; taciti a sodales imperdiet sodales nunc. Ex lorem quisque pretium dictum vulputate. Tincidunt suscipit vitae et purus lacinia imperdiet quisque. Rutrum cubilia convallis mauris lacinia vel montes auctor. Orci egestas lacinia sagittis inceptos ex interdum. Mus nisi non sit enim etiam maecenas.</p>\n<p>Eleifend facilisis nisl lacinia scelerisque quisque purus dapibus nunc. Tempus integer fringilla velit habitasse dolor commodo penatibus nisi. Nibh aptent sollicitudin augue tristique suscipit. Dictum ad enim feugiat; gravida montes venenatis himenaeos cursus. Penatibus habitant pretium nunc aptent magna dictumst ac. Massa vel blandit faucibus id nisi magna primis suspendisse.</p>\n<p>Sed sed tellus phasellus nibh etiam rhoncus efficitur laoreet. Malesuada felis sed ultricies quam aptent ipsum rhoncus sociosqu dictum. Molestie accumsan aenean viverra porttitor urna at egestas. Luctus mus orci a class himenaeos maximus eget morbi. Hendrerit sapien magna lacinia, pellentesque lectus aliquam risus. Sapien aenean pretium congue suspendisse; maximus sollicitudin. Consequat sapien congue nulla tortor pretium non maximus pulvinar. Gravida pretium erat tincidunt; tempor auctor fusce.</p>\n<p>Dui proin tortor blandit neque magnis. Tellus porta amet ante nostra sociosqu ac dignissim. Posuere euismod luctus phasellus ultricies cubilia. Donec penatibus sociosqu cursus ultrices condimentum donec finibus nam. Dictumst netus fames consectetur augue dolor nunc dignissim inceptos. Sit venenatis penatibus orci; curae elementum risus. Nam tristique maximus litora diam nunc; non sapien diam.</p>"},{"mode":"autogenerated","element":{"id":"cd6e653f-11f8-4b70-8847-fac41736b67c"},"value":"facilisi-consectetur"}],"workflow_step":{"id":"c199950d-99f0-4983-b711-6c4c91624b22"},"workflow":{"workflow_identifier":{"id":"00000000-0000-0000-0000-000000000000"},"step_identifier":{"id":"c199950d-99f0-4983-b711-6c4c91624b22"}},"contributors":[{"id":"634e201dbe914caee95f7992"}],"due_date":{"value":null},"note":null,"schedule":{"publish_time":null,"publish_display_timezone":null,"unpublish_time":null,"unpublish_display_timezone":null},"item":{"id":"735cee38-e8c1-403b-bee7-b2197ef47a56"},"language":{"id":"00000000-0000-0000-0000-000000000000"},"last_modified":"2025-02-06T01:41:38.3858486Z"},{"elements":[{"element":{"id":"2fc470e5-0a22-464c-945f-e41ec54ccad6"},"value":"Elementum ligula tincidunt"},{"element":{"id":"d515403f-7ac0-4b6e-b865-fd8cb29add89"},"value":"Imperdiet consequat blandit inceptos ligula molestie penatibus dictum. Tempor consequat maecenas laoreet mollis ante felis orci. Sem sociosqu pellentesque etiam mauris feugiat. Pharetra vel praesent proin elementum risus pharetra. Ligula malesuada placerat ante erat adipiscing sed rutrum elit tristique. Nibh tellus venenatis blandit, curabitur suscipit risus. Rhoncus accumsan aliquet malesuada himenaeos; sociosqu nostra maecenas morbi cubilia. Etiam posuere arcu sapien mauris tincidunt ultrices ultrices rutrum. "},{"element":{"id":"a08aab48-9164-4d9a-ab2f-97468e8c36fd"},"value":[{"renditions":[],"id":"90a46bbc-08da-4391-92c9-65472eb8c80a"}]},{"components":[],"element":{"id":"0ae0b43c-ff05-4742-9aab-a8300b5ad458"},"value":"<p>Lorem ipsum odor amet, consectetuer adipiscing elit. Nibh quam porta elit euismod maximus mauris integer magnis. Aliquet himenaeos lacinia praesent massa vestibulum litora cubilia. Elementum libero donec; fusce ridiculus dapibus fringilla. Praesent elementum lacus ullamcorper tempus luctus mus penatibus maximus. Luctus senectus eros fusce curabitur nisl tincidunt molestie lorem. Placerat in id nisl sagittis hac. Sapien enim primis lorem elementum fringilla lorem arcu primis.</p>\n<p>In curae quisque augue donec amet ad elit odio. Vehicula quis aenean egestas montes duis laoreet lobortis primis maximus. Habitasse fermentum felis suspendisse rutrum nunc maecenas. Viverra diam suspendisse montes mattis senectus mus suscipit tellus. Tempor duis vulputate vulputate; bibendum ultricies luctus. Velit taciti porttitor porttitor class volutpat montes consequat scelerisque. Cubilia justo hac senectus aliquet purus curabitur mollis praesent.</p>\n<p>Cubilia penatibus enim condimentum dictum luctus non. Porta suspendisse odio tempus nam class nullam. Accumsan lectus ultricies potenti mi dis mus. Aliquet suspendisse fermentum curabitur ex primis id facilisis neque. Sem dapibus platea velit magnis blandit hendrerit vulputate. Dapibus nunc inceptos; eget neque imperdiet dignissim. Ligula aenean libero fermentum odio venenatis. At torquent nisl ex; erat eget odio. Litora ultrices dapibus elit fringilla dolor suspendisse aenean nec lacinia.</p>\n<p>Et lectus placerat bibendum turpis varius luctus dolor eget. Metus ullamcorper taciti donec magnis ultricies sed morbi congue. Etiam lacinia mollis mollis nisl purus per natoque adipiscing. Arcu auctor quisque a facilisi consequat. Nisl fermentum varius nullam donec primis consequat eget ultricies. Phasellus vehicula orci erat vel rhoncus viverra porttitor sagittis nisl. Magnis ornare phasellus, commodo commodo class class elementum vulputate. Lacinia torquent condimentum dictum proin pellentesque netus mauris. Aliquet magna pellentesque inceptos cursus phasellus enim justo.</p>"},{"mode":"autogenerated","element":{"id":"cd6e653f-11f8-4b70-8847-fac41736b67c"},"value":"elementum-ligula-tincidunt"}],"workflow_step":{"id":"c199950d-99f0-4983-b711-6c4c91624b22"},"workflow":{"workflow_identifier":{"id":"00000000-0000-0000-0000-000000000000"},"step_identifier":{"id":"c199950d-99f0-4983-b711-6c4c91624b22"}},"contributors":[{"id":"634e201dbe914caee95f7992"}],"due_date":{"value":null},"note":null,"schedule":{"publish_time":null,"publish_display_timezone":null,"unpublish_time":null,"unpublish_display_timezone":null},"item":{"id":"b8429ccc-4b01-46ca-bc81-24dff1beedb9"},"language":{"id":"00000000-0000-0000-0000-000000000000"},"last_modified":"2025-02-06T01:43:56.5452272Z"},{"elements":[{"element":{"id":"2fc470e5-0a22-464c-945f-e41ec54ccad6"},"value":"Luctus Bibendum"},{"element":{"id":"d515403f-7ac0-4b6e-b865-fd8cb29add89"},"value":"Leo penatibus nec vehicula mauris fringilla vitae finibus. Sapien pulvinar iaculis tincidunt aliquam hendrerit penatibus tempus a. Urna purus dui; tempor in malesuada faucibus dis mattis justo. Integer dictumst nascetur class dictum proin. Ut facilisi porta tristique odio taciti vitae; sit nibh. Praesent cursus odio aliquam semper dolor nisl risus augue praesent. Habitasse ultricies cubilia nibh tempor venenatis enim conubia dictumst. Rutrum tellus montes quisque ultricies ut porta praesent ornare. Tortor nostra condimentum tristique metus; aliquam aptent tortor?"},{"element":{"id":"a08aab48-9164-4d9a-ab2f-97468e8c36fd"},"value":[{"renditions":[],"id":"1984a237-5847-481c-89ab-0e46d4b1579e"}]},{"components":[],"element":{"id":"0ae0b43c-ff05-4742-9aab-a8300b5ad458"},"value":"<p>Lorem ipsum odor amet, consectetuer adipiscing elit. Ullamcorper natoque lacus tincidunt a ad feugiat. Egestas lacus class phasellus dictumst cras morbi nibh eleifend. Ipsum ut cursus quam ultrices fusce! At posuere netus montes aliquet aenean. Dictum fusce ac vel tortor iaculis phasellus nullam in. Purus habitasse hendrerit; quam porta tortor laoreet. Euismod sit ante primis per facilisi eleifend a euismod. Orci ultrices pharetra integer conubia adipiscing.</p>\n<p>Eget purus orci vivamus; ultricies maximus curae. Luctus taciti semper inceptos tellus leo; dis cubilia eros. Blandit velit porta mi inceptos inceptos pellentesque. Curabitur fermentum pulvinar, integer natoque aliquam dolor sem aptent. Id cubilia urna taciti inceptos netus mus libero rutrum. In maximus montes mus inceptos conubia dictum cubilia hendrerit? Metus rhoncus maecenas tellus torquent mi blandit morbi nisl. Mus ut iaculis sagittis non sociosqu integer aliquet varius. Tortor lectus cursus; dignissim lacus magna egestas suspendisse malesuada.</p>\n<p>Quis cursus congue habitasse sociosqu hendrerit quisque orci. Felis ut ultricies posuere primis integer proin enim. Consectetur urna suscipit pretium egestas nascetur fermentum. Dis fames lobortis nullam venenatis inceptos vehicula mi sociosqu etiam. Duis mauris nisi elementum cras lorem. Pharetra morbi tellus nulla habitasse fames.</p>\n<p>Luctus hac iaculis ultricies semper habitasse nam. Donec gravida fringilla ac praesent fusce pulvinar. Sed sagittis scelerisque nec ut class fames urna. Nostra tristique rhoncus facilisi quis erat feugiat. Fames aliquam sollicitudin turpis; nostra justo leo. Purus vitae fringilla justo ex laoreet purus lobortis. Ligula viverra ornare at maecenas nisl etiam.</p>"},{"mode":"autogenerated","element":{"id":"cd6e653f-11f8-4b70-8847-fac41736b67c"},"value":"luctus-bibendum"}],"workflow_step":{"id":"c199950d-99f0-4983-b711-6c4c91624b22"},"workflow":{"workflow_identifier":{"id":"00000000-0000-0000-0000-000000000000"},"step_identifier":{"id":"c199950d-99f0-4983-b711-6c4c91624b22"}},"contributors":[{"id":"634e201dbe914caee95f7992"}],"due_date":{"value":null},"note":null,"schedule":{"publish_time":null,"publish_display_timezone":null,"unpublish_time":null,"unpublish_display_timezone":null},"item":{"id":"51c58d16-dd5d-49a1-b068-6471576b20f1"},"language":{"id":"00000000-0000-0000-0000-000000000000"},"last_modified":"2025-02-06T01:39:46.268675Z"},{"elements":[{"element":{"id":"2fc470e5-0a22-464c-945f-e41ec54ccad6"},"value":"Urna Justo Tempor"},{"element":{"id":"d515403f-7ac0-4b6e-b865-fd8cb29add89"},"value":"Consequat amet sit fusce ipsum nisl sed etiam. Iaculis fermentum platea mollis aptent finibus montes nunc magna lectus. Ullamcorper consequat scelerisque sociosqu tempus finibus. Proin cursus dignissim ac rutrum nascetur rutrum fusce tristique. Elit non suscipit quis sed ex. Maximus integer ultricies mi himenaeos, ullamcorper nulla ridiculus fames cubilia. Quisque urna ornare cras taciti nascetur diam bibendum."},{"element":{"id":"a08aab48-9164-4d9a-ab2f-97468e8c36fd"},"value":[{"renditions":[],"id":"f493c80c-711f-4957-9f52-2622cb992d31"}]},{"components":[],"element":{"id":"0ae0b43c-ff05-4742-9aab-a8300b5ad458"},"value":"<p>Lorem ipsum odor amet, consectetuer adipiscing elit. Magna fermentum pellentesque aliquam conubia viverra in at suscipit. Quam torquent dis ornare lobortis justo est condimentum rhoncus. Vivamus semper gravida dictumst cursus elementum phasellus risus! Fames egestas lectus consectetur adipiscing ac a sapien aliquam parturient. Donec arcu elementum ex curabitur morbi ligula. Diam velit auctor nisl et aptent vitae habitasse. Purus egestas montes ultricies a est platea sem porta venenatis. Dolor litora conubia tincidunt mollis maecenas dolor.</p>\n<p>Venenatis dapibus ut et elementum montes justo vivamus iaculis. Quam duis mus curae interdum dis. Potenti facilisis egestas pretium et lacinia ipsum. Nisl eu sollicitudin dis dictum inceptos luctus eget orci. Leo morbi suscipit eleifend; rhoncus egestas nec leo cras felis. Pharetra id vivamus viverra ligula elementum commodo metus proin massa. Nisi donec volutpat arcu tortor justo integer semper.</p>\n<p>Augue ad integer odio sapien tristique? Nisl dictum feugiat quam eros penatibus viverra conubia. Risus elementum per sit elementum tempor curae. Porta odio amet nec, varius fringilla suspendisse orci sit viverra. Justo habitant fames dignissim fames id id egestas varius. Metus enim faucibus aptent nullam; phasellus pellentesque integer posuere. Neque himenaeos elementum augue; faucibus turpis ultrices fermentum sagittis. Tortor augue donec quis in, quam etiam laoreet. Dignissim arcu nibh lacus himenaeos lacus.</p>\n<p>Ex curabitur euismod, risus risus scelerisque fringilla pharetra. Nec cras tempor arcu elementum sem ultrices eget luctus. Porta dignissim ultrices viverra tortor pharetra nisi. Eleifend nostra tellus ante porta amet mattis. Mattis sed tristique lobortis sed integer arcu arcu ullamcorper quis. Nam velit consectetur eu elit senectus ut magna urna!</p>"},{"mode":"autogenerated","element":{"id":"cd6e653f-11f8-4b70-8847-fac41736b67c"},"value":"urna-justo-tempor"}],"workflow_step":{"id":"c199950d-99f0-4983-b711-6c4c91624b22"},"workflow":{"workflow_identifier":{"id":"00000000-0000-0000-0000-000000000000"},"step_identifier":{"id":"c199950d-99f0-4983-b711-6c4c91624b22"}},"contributors":[{"id":"634e201dbe914caee95f7992"}],"due_date":{"value":null},"note":null,"schedule":{"publish_time":null,"publish_display_timezone":null,"unpublish_time":null,"unpublish_display_timezone":null},"item":{"id":"c2b3bfc0-b636-4ae6-ae4c-228b4553acb7"},"language":{"id":"00000000-0000-0000-0000-000000000000"},"last_modified":"2025-02-06T01:39:04.9673503Z"},{"elements":[{"element":{"id":"2fc470e5-0a22-464c-945f-e41ec54ccad6"},"value":"Inceptos Arcu Elementum"},{"element":{"id":"d515403f-7ac0-4b6e-b865-fd8cb29add89"},"value":"Lorem ipsum odor amet, consectetuer adipiscing elit. Vitae laoreet ridiculus magnis ac auctor congue mauris. Penatibus diam taciti tristique congue inceptos. Hac elit ligula magna mi non. Gravida cursus vehicula scelerisque, dignissim ultrices mus lobortis torquent finibus. Habitant sagittis lorem dignissim mollis massa sit libero. Consectetur platea velit scelerisque maecenas erat egestas platea vel. Aadipiscing varius vestibulum et conubia ipsum semper donec cras. Posuere pharetra ullamcorper eu praesent ultrices rutrum."},{"element":{"id":"a08aab48-9164-4d9a-ab2f-97468e8c36fd"},"value":[{"renditions":[],"id":"a2582f47-f59e-4aa2-849d-6306bc3c2108"}]},{"components":[],"element":{"id":"0ae0b43c-ff05-4742-9aab-a8300b5ad458"},"value":"<p>Nisl vitae auctor luctus ridiculus gravida habitant non class. Velit dis eros, mollis placerat sollicitudin nunc habitant. Auctor lectus tincidunt donec; torquent nam sociosqu est. Tincidunt augue habitasse neque dictum placerat lacus. Hendrerit nisi vel mi purus rutrum finibus laoreet sapien. Duis augue quis condimentum venenatis facilisi molestie fringilla. Pulvinar tellus malesuada hac ac integer neque interdum mollis mattis.</p>\n<p>Magna nascetur mus molestie potenti montes. Fringilla hendrerit etiam vel justo ex dolor mus quis scelerisque. Class vestibulum mauris augue tincidunt placerat vehicula. Consectetur feugiat congue risus mauris cras tristique pellentesque taciti. Vel euismod duis magnis aptent habitant ultrices magnis. Himenaeos ridiculus volutpat tristique posuere elementum. Eleifend ullamcorper placerat mus suspendisse venenatis; maecenas ipsum per ultricies. Iaculis dui mollis habitant litora orci, congue nisl vulputate at. In dictumst aliquam tristique taciti semper aenean suscipit.</p>\n<p>Facilisis sodales elit natoque consectetur nibh. Vehicula interdum suspendisse justo natoque orci. Lectus nostra faucibus tortor proin mattis enim feugiat. Integer et arcu adipiscing vel non sollicitudin. Nam taciti nascetur convallis imperdiet, nascetur feugiat risus. Erat purus porttitor cubilia aenean rhoncus quisque iaculis diam viverra. In sed vehicula tristique quisque nunc elit augue in. Nisl dictumst dis commodo condimentum ultrices nunc sociosqu natoque. Posuere magnis porta gravida metus sodales nam pellentesque. Orci per ligula himenaeos pretium torquent viverra cursus quisque.</p>\n<p>Congue lectus consequat nibh maecenas auctor. Egestas scelerisque class lacinia nam commodo scelerisque nam nisl elementum. Per blandit pretium ullamcorper pulvinar volutpat. Sollicitudin consectetur nec sit condimentum convallis lacinia lobortis. Libero nostra neque cubilia himenaeos dictumst faucibus class. Morbi dapibus donec libero ultrices venenatis est facilisi potenti! Risus lacinia ultricies senectus quis habitasse mus. Turpis natoque commodo sociosqu aptent eros ante. Ultrices justo euismod ultricies felis porta pellentesque at.</p>"},{"mode":"autogenerated","element":{"id":"cd6e653f-11f8-4b70-8847-fac41736b67c"},"value":"inceptos-arcu-elementum"}],"workflow_step":{"id":"c199950d-99f0-4983-b711-6c4c91624b22"},"workflow":{"workflow_identifier":{"id":"00000000-0000-0000-0000-000000000000"},"step_identifier":{"id":"c199950d-99f0-4983-b711-6c4c91624b22"}},"contributors":[{"id":"634e201dbe914caee95f7992"}],"due_date":{"value":null},"note":null,"schedule":{"publish_time":null,"publish_display_timezone":null,"unpublish_time":null,"unpublish_display_timezone":null},"item":{"id":"55f24de9-214e-4275-b578-684e6692832b"},"language":{"id":"00000000-0000-0000-0000-000000000000"},"last_modified":"2025-02-06T01:40:05.1961417Z"},{"elements":[{"element":{"id":"9bc8b648-1bd9-4fa4-8c12-822cba3fd4a4"},"value":"Genimen Convallis Facilisi"},{"element":{"id":"caef6e8f-0bd1-4535-ac99-36cf5db2dc24"},"value":[{"renditions":[],"id":"4bdc7bcc-5252-4be1-81a4-bf4c67d6cf68"}]},{"element":{"id":"fb774dba-a0ee-4032-95b4-d0115219397f"},"value":"Elit torquent cras dictum velit risus fermentum libero cras rutrum. Maecenas penatibus lacus eleifend etiam; vulputate eros dictumst. Hendrerit consequat nam adipiscing convallis neque."},{"components":[],"element":{"id":"7aea9732-1502-4f5e-bc0f-258ffb10f78f"},"value":"<p>Amet netus quisque elementum inceptos facilisis nibh. Nostra cubilia aptent maximus eleifend magna nisl sociosqu. Eros lectus ornare dignissim netus congue purus molestie praesent. Quisque integer pretium vestibulum accumsan ultricies. Himenaeos praesent sapien congue aliquet hac blandit amet nisl libero. Blandit aliquet ullamcorper ipsum dui iaculis ante.</p>\n<p>Facilisi etiam orci risus tempor ante nullam. At congue mi viverra morbi tincidunt pretium. Mollis felis cras nulla fringilla sapien accumsan eget. Habitant duis nascetur diam potenti sapien et aliquet mattis. Risus lectus sem morbi morbi iaculis. Suspendisse cras vel suscipit laoreet gravida. Accumsan viverra suscipit mattis, praesent id elit.</p>"},{"element":{"id":"fc57df55-d573-4e1a-b33d-b5311d9677be"},"value":[{"id":"1668c307-e2ac-4b9d-ab43-cad7416056b0"}]},{"mode":"autogenerated","element":{"id":"6a29a2bf-5a85-423d-a137-39bbe7efc315"},"value":"genimen-convallis-facilisi"}],"workflow_step":{"id":"c199950d-99f0-4983-b711-6c4c91624b22"},"workflow":{"workflow_identifier":{"id":"00000000-0000-0000-0000-000000000000"},"step_identifier":{"id":"c199950d-99f0-4983-b711-6c4c91624b22"}},"contributors":[{"id":"634e201dbe914caee95f7992"}],"due_date":{"value":null},"note":null,"schedule":{"publish_time":null,"publish_display_timezone":null,"unpublish_time":null,"unpublish_display_timezone":null},"item":{"id":"a1b2773b-f593-488b-a3f2-75603ec95e87"},"language":{"id":"00000000-0000-0000-0000-000000000000"},"last_modified":"2025-02-06T01:40:23.2102577Z"},{"elements":[{"element":{"id":"9bc8b648-1bd9-4fa4-8c12-822cba3fd4a4"},"value":"Genimen Nullam Iaculis"},{"element":{"id":"caef6e8f-0bd1-4535-ac99-36cf5db2dc24"},"value":[{"renditions":[],"id":"ea3bf304-9d93-401b-9d82-9a8a508102db"}]},{"element":{"id":"fb774dba-a0ee-4032-95b4-d0115219397f"},"value":"Fusce viverra quisque consequat fringilla viverra mus molestie vivamus ullamcorper. Duis cursus litora senectus phasellus interdum. Metus massa congue mi euismod sollicitudin pulvinar. "},{"components":[],"element":{"id":"7aea9732-1502-4f5e-bc0f-258ffb10f78f"},"value":"<p>Primis nullam maecenas ad, senectus suscipit consequat primis. Imperdiet rhoncus suscipit semper malesuada laoreet habitasse suspendisse. Habitasse blandit facilisi natoque suspendisse gravida nam massa. Aliquet fames potenti lectus lacinia metus laoreet. Rutrum cras maximus sit duis nullam tempor finibus gravida. Amet mattis vel habitant hac curabitur. Sollicitudin ridiculus mattis vitae ac, ad donec. Penatibus imperdiet habitant nam vehicula interdum.</p>"},{"element":{"id":"fc57df55-d573-4e1a-b33d-b5311d9677be"},"value":[{"id":"1668c307-e2ac-4b9d-ab43-cad7416056b0"}]},{"mode":"autogenerated","element":{"id":"6a29a2bf-5a85-423d-a137-39bbe7efc315"},"value":"genimen-nullam-iaculis"}],"workflow_step":{"id":"c199950d-99f0-4983-b711-6c4c91624b22"},"workflow":{"workflow_identifier":{"id":"00000000-0000-0000-0000-000000000000"},"step_identifier":{"id":"c199950d-99f0-4983-b711-6c4c91624b22"}},"contributors":[{"id":"634e201dbe914caee95f7992"}],"due_date":{"value":null},"note":null,"schedule":{"publish_time":null,"publish_display_timezone":null,"unpublish_time":null,"unpublish_display_timezone":null},"item":{"id":"6c057f4b-6c16-4523-83fa-7b4e37c23329"},"language":{"id":"00000000-0000-0000-0000-000000000000"},"last_modified":"2025-02-06T01:40:58.3368468Z"},{"elements":[{"element":{"id":"9bc8b648-1bd9-4fa4-8c12-822cba3fd4a4"},"value":"Genimen Venenatis Commodo"},{"element":{"id":"caef6e8f-0bd1-4535-ac99-36cf5db2dc24"},"value":[{"renditions":[],"id":"46804eb6-124d-444d-b825-e794f3f420a7"}]},{"element":{"id":"fb774dba-a0ee-4032-95b4-d0115219397f"},"value":"Orci purus sollicitudin consequat fermentum volutpat fermentum. Morbi sem porta semper; sapien mattis blandit euismod."},{"components":[],"element":{"id":"7aea9732-1502-4f5e-bc0f-258ffb10f78f"},"value":"<p>Sapien nascetur augue tempus augue donec ipsum egestas. Suscipit etiam duis suspendisse aliquam non ex. Habitant maecenas maximus ante adipiscing ex. Nullam non consectetur tincidunt orci enim nisi. Dis laoreet tristique dictumst ullamcorper vel id penatibus. Laoreet diam ac sollicitudin elit scelerisque gravida sociosqu. Interdum molestie ultrices class luctus, venenatis commodo dis odio tristique.</p>"},{"element":{"id":"fc57df55-d573-4e1a-b33d-b5311d9677be"},"value":[{"id":"c9e93cec-f80c-43a0-9b5d-3c6f9594d3fd"}]},{"mode":"autogenerated","element":{"id":"6a29a2bf-5a85-423d-a137-39bbe7efc315"},"value":"genimen-venenatis-commodo"}],"workflow_step":{"id":"c199950d-99f0-4983-b711-6c4c91624b22"},"workflow":{"workflow_identifier":{"id":"00000000-0000-0000-0000-000000000000"},"step_identifier":{"id":"c199950d-99f0-4983-b711-6c4c91624b22"}},"contributors":[{"id":"634e201dbe914caee95f7992"}],"due_date":{"value":null},"note":null,"schedule":{"publish_time":null,"publish_display_timezone":null,"unpublish_time":null,"unpublish_display_timezone":null},"item":{"id":"23fded0b-b09c-4f26-a313-0ea52c9b4753"},"language":{"id":"00000000-0000-0000-0000-000000000000"},"last_modified":"2025-02-06T01:41:19.6571746Z"},{"elements":[{"element":{"id":"c4f0a7c8-aa32-4bd3-aaf1-5ae8b8c501c8"},"value":"Homepage"},{"element":{"id":"aeba8ca0-dcf3-42f9-9652-694c1a4b763b"},"value":[{"renditions":[],"id":"4bdc7bcc-5252-4be1-81a4-bf4c67d6cf68"}]},{"element":{"id":"b70c44a8-f595-437a-89da-bab97abb0352"},"value":[{"id":"0092d118-0187-421c-9c5f-207afc2e573b"},{"id":"e27603e9-49e7-4d73-ba9f-843017d460db"},{"id":"6ebbd1a5-0bc0-49b4-a648-642fa8c71650"},{"id":"04d12527-8889-48f5-89fe-cb5daeb8dcb9"},{"id":"83d8180b-eb2f-4176-8cba-95dd403e6ff3"}]},{"components":[],"element":{"id":"15683698-1689-4f43-a964-de0fbe4da7ae"},"value":"<p>This is a website created with content from a sample kontent.ai project. It has been created to showcase how to create a frontend for content created with kontent.ai, which is a headless CMS. It uses VueJS, Nuxt and Nuxt Content for it's implementation, and is deployed to netlify. The netliy deployment runs the content as a static deployment, running without any server side services except for serving prerendered content.</p>\n<p>The github source for this frontend is on <a href=\"https://github.com/tveimo/kontent-ai-nuxt-content\">github</a> and contains more technical implementation details. The site will redeploy when new or changed content is published in kontent.ai, triggered by a webhook call from kontent.ai to netlify.</p>\n<p>Icons from the google material icons fontset. Lorem Ipsum from&nbsp;<a href=\"https://loremipsum.io/\">https://loremipsum.io/</a>.&nbsp;</p>\n<p>Photos by Tranmautritam:&nbsp;<a href=\"https://www.pexels.com/\">https://www.pexels.com</a>&nbsp;<a href=\"https://www.instagram.com/tranmautritam\">https://www.instagram.com/tranmautritam</a> JPEGs compressed using <a href=\"https://www.freeconvert.com/compress-jpeg\">https://www.freeconvert.com/compress-jpeg</a>.</p>"},{"mode":"autogenerated","element":{"id":"c5d9800e-e419-4268-9e16-ae4753692496"},"value":"homepage"}],"workflow_step":{"id":"c199950d-99f0-4983-b711-6c4c91624b22"},"workflow":{"workflow_identifier":{"id":"00000000-0000-0000-0000-000000000000"},"step_identifier":{"id":"c199950d-99f0-4983-b711-6c4c91624b22"}},"contributors":[{"id":"_UuAm5GsAEeGa5FE1NrrpGQHoHP0fVEYGTProb-vnYY"}],"due_date":{"value":null},"note":null,"schedule":{"publish_time":null,"publish_display_timezone":null,"unpublish_time":null,"unpublish_display_timezone":null},"item":{"id":"16f7af0f-2381-47a0-b77a-0069d3f0b5c0"},"language":{"id":"00000000-0000-0000-0000-000000000000"},"last_modified":"2025-02-06T01:38:42.0883241Z"},{"elements":[{"element":{"id":"9bc8b648-1bd9-4fa4-8c12-822cba3fd4a4"},"value":"Genimen Natoque Hendrerit Egestas"},{"element":{"id":"caef6e8f-0bd1-4535-ac99-36cf5db2dc24"},"value":[{"renditions":[],"id":"4761faad-3915-47ca-980c-4fd32f18fa82"}]},{"element":{"id":"fb774dba-a0ee-4032-95b4-d0115219397f"},"value":"Massa eros sed placerat volutpat tortor enim id felis. Amet velit lectus orci nullam sem felis. Lacinia fermentum aptent integer dis vel vel lacinia finibus. Quis netus efficitur, penatibus himenaeos egestas consectetur."},{"components":[],"element":{"id":"7aea9732-1502-4f5e-bc0f-258ffb10f78f"},"value":"<p>Conubia himenaeos mattis sit molestie nostra nascetur eu dapibus! Nunc montes phasellus leo lectus ac libero eros felis sodales. Lacus semper penatibus laoreet praesent etiam ultricies purus montes. Ipsum donec hac aptent quis velit justo iaculis. Enim curae magna tristique convallis lobortis condimentum urna tortor praesent. Ultrices dapibus ad sociosqu etiam tempus a rhoncus.</p>"},{"element":{"id":"fc57df55-d573-4e1a-b33d-b5311d9677be"},"value":[{"id":"1668c307-e2ac-4b9d-ab43-cad7416056b0"},{"id":"c9e93cec-f80c-43a0-9b5d-3c6f9594d3fd"}]},{"mode":"autogenerated","element":{"id":"6a29a2bf-5a85-423d-a137-39bbe7efc315"},"value":"genimen-natoque-hendrerit-egestas"}],"workflow_step":{"id":"c199950d-99f0-4983-b711-6c4c91624b22"},"workflow":{"workflow_identifier":{"id":"00000000-0000-0000-0000-000000000000"},"step_identifier":{"id":"c199950d-99f0-4983-b711-6c4c91624b22"}},"contributors":[{"id":"_UuAm5GsAEeGa5FE1NrrpGQHoHP0fVEYGTProb-vnYY"}],"due_date":{"value":null},"note":"","schedule":{"publish_time":null,"publish_display_timezone":null,"unpublish_time":null,"unpublish_display_timezone":null},"item":{"id":"e27603e9-49e7-4d73-ba9f-843017d460db"},"language":{"id":"00000000-0000-0000-0000-000000000000"},"last_modified":"2025-02-06T01:40:41.1726908Z"},{"elements":[{"element":{"id":"2fc470e5-0a22-464c-945f-e41ec54ccad6"},"value":"Sunt in Culpa"},{"element":{"id":"d515403f-7ac0-4b6e-b865-fd8cb29add89"},"value":"In blandit quis erat sed hendrerit. Sed do eiusmod tempor incididunt ut labore et dolore magna aliqua. Ut enim ad minim veniam, quis nostrud exercitation ullamco laboris nisi ut aliquip ex ea commodo consequat. Duis aute irure dolor in reprehenderit in voluptate velit esse cillum dolore eu fugiat nulla pariatur. Excepteur sint occaecat cupidatat non proident, sunt in culpa qui officia deserunt mollit anim id est laborum."},{"element":{"id":"a08aab48-9164-4d9a-ab2f-97468e8c36fd"},"value":[{"renditions":[],"id":"c4c7b76f-d6d8-49c1-9876-26786b6c59a9"}]},{"components":[],"element":{"id":"0ae0b43c-ff05-4742-9aab-a8300b5ad458"},"value":"<p>Nulla vel dapibus enim, vehicula vehicula mi. Integer laoreet sit amet ante sit amet lobortis. Suspendisse eget nisi eu lectus ornare lobortis. Aliquam erat volutpat. Vivamus congue massa ut leo consectetur, sagittis facilisis odio auctor. Sed elementum interdum leo. Praesent laoreet nisl non tortor aliquam commodo. Ut dignissim at diam ac elementum. Vestibulum pellentesque tellus metus, in tempus ex auctor quis.</p>\n<p>Morbi erat ex, lacinia nec efficitur eget, sagittis ut orci. Etiam in dolor placerat, pharetra ligula et, bibendum neque. Vestibulum vitae congue lectus, sed ultricies augue. Nam iaculis elit nec velit luctus, vitae rutrum nunc imperdiet. Nunc vel turpis sit amet lectus pellentesque tincidunt. Proin commodo tincidunt enim, at sodales mi dictum ac. <strong>Maecenas</strong> molestie, metus quis malesuada dictum, leo erat egestas lacus, sit amet tristique urna magna a diam. Donec ultricies dui sit amet mi ornare egestas. Phasellus ultricies lectus non interdum pellentesque. Cras nisi tellus, feugiat sed enim quis, tristique interdum lacus. Sed vel pharetra arcu, ac fermentum neque. Morbi mollis sollicitudin varius. Ut sit amet vulputate velit.</p>\n<p>Vestibulum ante ipsum primis in faucibus orci luctus et ultrices posuere cubilia curae; <strong>Suspendisse</strong> luctus enim a dui rutrum luctus. Proin quam ante, facilisis lacinia vulputate in, efficitur eu ex. Sed tincidunt vehicula tortor eu dictum. Donec velit turpis, iaculis ut dapibus at, mattis ut sapien. Aenean vel sapien nunc. Duis vehicula risus eu mollis luctus. Quisque consequat nibh nec euismod elementum. Pellentesque ut viverra risus, sed viverra sapien. Nullam at purus convallis, pulvinar erat sit amet, fermentum arcu. Aliquam non orci condimentum, dictum purus sed, tincidunt nunc.</p>\n<p>Lorem Lipsum from <a href=\"https://lipsumhub.com/\">lipsumhub.com</a>.</p>"},{"mode":"autogenerated","element":{"id":"cd6e653f-11f8-4b70-8847-fac41736b67c"},"value":"sunt-in-culpa"}],"workflow_step":{"id":"c199950d-99f0-4983-b711-6c4c91624b22"},"workflow":{"workflow_identifier":{"id":"00000000-0000-0000-0000-000000000000"},"step_identifier":{"id":"c199950d-99f0-4983-b711-6c4c91624b22"}},"contributors":[{"id":"usr_0vPA5rG90BmubqAyKsg4y4"},{"id":"634e201dbe914caee95f7992"}],"due_date":{"value":null},"note":"","schedule":{"publish_time":null,"publish_display_timezone":null,"unpublish_time":null,"unpublish_display_timezone":null},"item":{"id":"e7e4c86f-f5f5-42a5-b6c3-4547070f55dc"},"language":{"id":"00000000-0000-0000-0000-000000000000"},"last_modified":"2025-02-06T01:42:28.548249Z"}]