[{"id":"00000000-0000-0000-0000-000000000000","name":"Default","codename":"default","scopes":[],"steps":[{"id":"36892c71-65ba-4fed-a1ab-7753f4fa4faa","name":"Draft","codename":"draft","color":"red","transitions_to":[{"step":{"id":"343e5628-375a-452f-9748-5a36360d700c"}},{"step":{"id":"c199950d-99f0-4983-b711-6c4c91624b22"}},{"step":{"id":"7a535a69-ad34-47f8-806a-def1fdf4d391"}}],"role_ids":[]},{"id":"343e5628-375a-452f-9748-5a36360d700c","name":"Review","codename":"review","color":"yellow","transitions_to":[{"step":{"id":"36892c71-65ba-4fed-a1ab-7753f4fa4faa"}},{"step":{"id":"c199950d-99f0-4983-b711-6c4c91624b22"}},{"step":{"id":"7a535a69-ad34-47f8-806a-def1fdf4d391"}}],"role_ids":[]}],"published_step":{"id":"c199950d-99f0-4983-b711-6c4c91624b22","name":"Published","codename":"published","unpublish_role_ids":[],"create_new_version_role_ids":[]},"scheduled_step":{"id":"9d2b0228-4d0d-4c23-8b49-01a698857709","name":"Scheduled","codename":"scheduled"},"archived_step":{"id":"7a535a69-ad34-47f8-806a-def1fdf4d391","name":"Archived","codename":"archived","role_ids":[]}}]